<?xml version="1.0" encoding="UTF-8"?>
<project-private xmlns="http://www.netbeans.org/ns/project-private/1">
    <editor-bookmarks xmlns="http://www.netbeans.org/ns/editor-bookmarks/2" lastBookmarkId="0"/>
    <open-files xmlns="http://www.netbeans.org/ns/projectui-open-files/2">
        <group>
            <file>file:/C:/Users/fady_/OneDrive/Desktop/sw2mina/sw2/Parking%20application/src/GUI/AdminRemoveuser.java</file>
            <file>file:/C:/Users/fady_/OneDrive/Desktop/sw2mina/sw2/Parking%20application/src/GUI/viewShifts.java</file>
            <file>file:/C:/Users/fady_/OneDrive/Desktop/sw2mina/sw2/Parking%20application/src/GUI/Home.java</file>
            <file>file:/C:/Users/fady_/OneDrive/Desktop/sw2mina/sw2/Parking%20application/src/Controller/SystemControls.java</file>
            <file>file:/C:/Users/fady_/OneDrive/Desktop/sw2mina/sw2/Parking%20application/src/GUI/entryStation.java</file>
            <file>file:/C:/Users/fady_/OneDrive/Desktop/sw2mina/sw2/Parking%20application/src/Model/ParkingApplication.java</file>
            <file>file:/C:/Users/fady_/OneDrive/Desktop/sw2mina/sw2/Parking%20application/src/Model/Connectsql.java</file>
            <file>file:/C:/Users/fady_/OneDrive/Desktop/sw2mina/sw2/Parking%20application/src/Controller/CustomerControls.java</file>
            <file>file:/C:/Users/fady_/OneDrive/Desktop/sw2mina/sw2/Parking%20application/src/GUI/AdminModule.java</file>
            <file>file:/C:/Users/fady_/OneDrive/Desktop/sw2mina/sw2/Parking%20application/src/Controller/AdminControls.java</file>
            <file>file:/C:/Users/fady_/OneDrive/Desktop/sw2mina/sw2/Parking%20application/src/GUI/AdminUpdate.java</file>
            <file>file:/C:/Users/fady_/OneDrive/Desktop/sw2mina/sw2/Parking%20application/src/GUI/exitSation.java</file>
            <file>file:/C:/Users/fady_/OneDrive/Desktop/sw2mina/sw2/Parking%20application/src/GUI/Admin.java</file>
            <file>file:/C:/Users/fady_/OneDrive/Desktop/sw2mina/sw2/Parking%20application/src/GUI/CustomerModule.java</file>
            <file>file:/C:/Users/fady_/OneDrive/Desktop/sw2mina/sw2/Parking%20application/src/Model/SqlClass.java</file>
            <file>file:/C:/Users/fady_/OneDrive/Desktop/sw2mina/sw2/Parking%20application/src/GUI/AdminAdduser.java</file>
            <file>file:/C:/Users/fady_/OneDrive/Desktop/sw2mina/sw2/Parking%20application/src/GUI/shiftsReport.java</file>
        </group>
    </open-files>
</project-private>
